<?xml version="1.0" encoding="UTF-8"?>
<!-- Produced by Beyond Compare 4 from Scooter Software -->
<BCSessions Version="1" MinVersion="1">
	<TSessionFolder Value="二代">
		<Items>
			<TDirCompareSession Value="dev_cnaps2 &lt;--> sit_cnaps2">
				<LastModified Value="2019-04-26 16:41:35"/>
				<Rules>
					<ContentCompareKind Value="ccBinary"/>
					<UseContentComparison Value="True"/>
				</Rules>
				<Specs>
					<Left Value="E:\华通银行\二代\dev_cnaps2"/>
					<Right Value="E:\华通银行\二代\sit_cnaps2"/>
				</Specs>
				<State>
					<DisplayFilter Value="[showLeftAdded, showRightAdded, showLeftChanged, showRightChanged, showConflict]"/>
					<SortDown Value="True"/>
				</State>
			</TDirCompareSession>
			<TDirCompareSession Value="dev_cnaps2 &lt;--> sit_pro_cnaps2">
				<LastModified Value="2019-05-06 11:31:06"/>
				<Rules>
					<ContentCompareKind Value="ccBinary"/>
					<UseContentComparison Value="True"/>
				</Rules>
				<Specs>
					<Left Value="E:\华通银行\二代\dev_cnaps2"/>
					<Right Value="E:\华通银行\二代\sit_pro_cnaps2"/>
				</Specs>
			</TDirCompareSession>
			<TDirCompareSession Value="sit_cnaps2 &lt;--> sit_pro_cnaps2">
				<LastModified Value="2019-04-26 16:41:55"/>
				<Rules>
					<ContentCompareKind Value="ccBinary"/>
					<UseContentComparison Value="True"/>
				</Rules>
				<Specs>
					<Left Value="E:\华通银行\二代\sit_cnaps2"/>
					<Right Value="E:\华通银行\二代\sit_pro_cnaps2"/>
				</Specs>
			</TDirCompareSession>
		</Items>
	</TSessionFolder>
	<TSessionFolder>
		<Items>
			<TSessionFolder>
				<Items>
					<TDirCompareSession Value="dev_cnaps2 &lt;--> sit_cnaps2">
						<LastModified Value="2019-04-28 09:09:26"/>
						<Rules>
							<ContentCompareKind Value="ccBinary"/>
							<UseContentComparison Value="True"/>
						</Rules>
						<Specs>
							<Left Value="E:\华通银行\柜台\dev_cnaps2"/>
							<Right Value="E:\华通银行\柜台\sit_cnaps2"/>
						</Specs>
					</TDirCompareSession>
					<TDirCompareSession Value="dev_cnaps2 &lt;--> dsit_cnaps21">
						<LastModified Value="2019-04-26 16:32:33"/>
						<Rules>
							<ContentCompareKind Value="ccBinary"/>
							<UseContentComparison Value="True"/>
						</Rules>
						<Specs>
							<Left Value="E:\华通银行\柜台\dev_cnaps2"/>
							<Right Value="E:\华通银行\柜台\dsit_cnaps21"/>
						</Specs>
					</TDirCompareSession>
					<TDirCompareSession Value="sit_cnaps2 &lt;--> sit_pro_cnaps2">
						<LastModified Value="2019-04-26 16:19:28"/>
						<Specs>
							<Left Value="E:\华通银行\柜台\sit_cnaps2"/>
							<Right Value="E:\华通银行\柜台\sit_pro_cnaps2"/>
						</Specs>
					</TDirCompareSession>
				</Items>
			</TSessionFolder>
			<TDirCompareSession>
				<Rules>
					<ContentCompareKind Value="ccBinary"/>
					<UseContentComparison Value="True"/>
				</Rules>
			</TDirCompareSession>
		</Items>
	</TSessionFolder>
</BCSessions>
