<?xml version="1.0" encoding="UTF-8"?>
<!-- Produced by Beyond Compare 4 from Scooter Software -->
<BCState Version="1" MinVersion="1">
	<TBcState>
		<FirstStartup Value="False"/>
		<FormPositions>
			<TDirCompareSessionDialog Value="646;142;1346;846;;120"/>
			<TDirLoadErrorDialog Value="593;513;1234;673;;120"/>
			<TExportDialog Value="516;216;850;511"/>
			<TFileFormatManagerDialog Value="724;148;1714;1103;;120"/>
			<TOpSyncDialog Value="501;193;865;535"/>
			<TProfileBrowseDialog Value="419;87;1409;1042;;120"/>
			<TSessionSaveAsDialog Value="746;305;1246;683;;120"/>
			<TSourceControlManagerDialog Value="510;87;1500;1042;;120"/>
			<TTextCompareSessionDialog Value="384;64;982;664"/>
			<TViewFrame Value="98;151;1730;1036;;120"/>
		</FormPositions>
	</TBcState>
	<TDirCompareState>
		<LeftMRUSpecs>
			<_0 Value="E:\华通银行\二代\dev_cnaps2"/>
			<_1 Value="E:\华通银行\二代\sit_cnaps2"/>
			<_2 Value="E:\华通银行\柜台\dev_cnaps2"/>
			<_3 Value="E:\华通银行\柜台\sit_cnaps2"/>
			<_4 Value="J:\50-生产发布\UAT二代cnaps版本\bizware"/>
			<_5 Value="E:\华通银行\柜台\GIT原始版\dev_kkweb"/>
			<_6 Value="E:\华通银行\二代支付系统\cnaps2-20180130"/>
			<_7 Value="E:\华通银行\二代支付系统\cnaps2-20180130\template"/>
			<_8 Value="E:\华通银行\二代支付系统\cnaps2"/>
		</LeftMRUSpecs>
		<LogHeight Value="0"/>
		<RightMRUSpecs>
			<_0 Value="E:\华通银行\二代\sit_cnaps2"/>
			<_1 Value="E:\华通银行\二代\sit_pro_cnaps2"/>
			<_2 Value="E:\华通银行\柜台\sit_cnaps2"/>
			<_3 Value="E:\华通银行\柜台\sit_pro_cnaps2"/>
			<_4 Value="J:\50-生产发布\20170730前发布版本\product_pkg\product_pkg\press\bizware"/>
			<_5 Value="E:\华通银行\柜台\GIT原始版\sit_kkweb"/>
			<_6 Value="J:\50-生产发布\UAT二代cnaps版本\bizware"/>
			<_7 Value="E:\华通银行\二代支付系统\sit_cnaps2"/>
			<_8 Value="E:\华通银行\二代支付系统\sit_cnaps2\a1000"/>
		</RightMRUSpecs>
		<ShowToolbar Value="False"/>
	</TDirCompareState>
	<TExportState>
		<MRUDir Value="C:\Users\hugp\Desktop"/>
	</TExportState>
	<THexCompareState>
		<LeftMRUSpecs>
			<_0 Value="J:\50-生产发布\UAT二代cnaps版本\bizware\bizware\bin\sok_lsn_4clear"/>
			<_1 Value="J:\50-生产发布\UAT二代cnaps版本\bizware\bizware\bin\dmblisten"/>
			<_2 Value="J:\50-生产发布\UAT二代cnaps版本\bizware\bizware\bin\BPM2COM"/>
		</LeftMRUSpecs>
		<MRUFonts>
			<_0 Value="Consolas;10"/>
		</MRUFonts>
		<RightMRUSpecs>
			<_0 Value="J:\50-生产发布\20170730前发布版本\product_pkg\product_pkg\press\bizware\bizware\bin\dmblisten"/>
			<_1 Value="J:\50-生产发布\20170730前发布版本\product_pkg\product_pkg\press\bizware\bizware\bin\BPM2COM"/>
		</RightMRUSpecs>
	</THexCompareState>
	<THomeState>
		<NewExpanded Value="True"/>
		<SessionName Value="二代&#2;dev_cnaps2 &lt;--> sit_pro_cnaps2"/>
		<SessionType Value="TDirCompareSession"/>
	</THomeState>
	<TOpCompareState>
		<Kind Value="ccRulesBased"/>
	</TOpCompareState>
	<TSnapshotState>
		<IncludeArchiveContents Value="True"/>
		<IncludeCRCs Value="True"/>
		<IncludeExeVersions Value="True"/>
		<IncludeSymlinkTargets Value="True"/>
		<MRUDir Value="C:\Users\hugp\Desktop\"/>
	</TSnapshotState>
	<TTextCompareState>
		<LeftMRUSpecs>
			<_0 Value="E:\华通银行\二代\dev_cnaps2\public\global_dict.kkf2"/>
			<_1 Value="E:\华通银行\二代\dev_cnaps2\c1000\clear_step.kkf2"/>
			<_2 Value="E:\华通银行\二代\dev_cnaps2\public\public_host.kkf2"/>
			<_3 Value="E:\华通银行\二代\dev_cnaps2\d1000\trans_2crdt1.kkf2"/>
			<_4 Value="E:\华通银行\二代\dev_cnaps2\db\public_db_insert.kkf2"/>
			<_5 Value="E:\华通银行\二代\dev_cnaps2\a1000\trans_192601.kkf2"/>
			<_6 Value="E:\华通银行\二代\dev_cnaps2\dmb_config.kkf2"/>
			<_7 Value="E:\华通银行\柜台\sit_cnaps2\db\public_db_insert.kkf2"/>
			<_8 Value="E:\华通银行\柜台\dev_cnaps2\serverList.conf"/>
		</LeftMRUSpecs>
		<MRUFonts>
			<_0 Value="Consolas;10"/>
		</MRUFonts>
		<RightMRUSpecs>
			<_0 Value="E:\华通银行\二代\sit_pro_cnaps2\public\global_dict.kkf2"/>
			<_1 Value="E:\华通银行\二代\sit_pro_cnaps2\c1000\clear_step.kkf2"/>
			<_2 Value="E:\华通银行\二代\sit_cnaps2\public\public_host.kkf2"/>
			<_3 Value="E:\华通银行\二代\sit_cnaps2\d1000\trans_2crdt1.kkf2"/>
			<_4 Value="E:\华通银行\二代\sit_cnaps2\db\public_db_insert.kkf2"/>
			<_5 Value="E:\华通银行\二代\sit_cnaps2\a1000\trans_reissue2excpcm.kkf2"/>
			<_6 Value="E:\华通银行\二代\sit_cnaps2\a1000\trans_192601.kkf2"/>
			<_7 Value="E:\华通银行\二代\sit_cnaps2\a1000\auto_update.kkf2"/>
			<_8 Value="E:\华通银行\二代\sit_cnaps2\shell\autoupdatebank.sh"/>
		</RightMRUSpecs>
	</TTextCompareState>
	<TTextEditState>
		<MRUFonts>
			<_0 Value="Consolas;10"/>
		</MRUFonts>
	</TTextEditState>
	<TTextFindState>
		<FindItems>
			<_0 Value="hugp"/>
			<_1 Value="20190509"/>
			<_2 Value="108"/>
			<_3 Value="datetimepicker"/>
		</FindItems>
		<ReplaceItems>
			<_0/>
		</ReplaceItems>
	</TTextFindState>
	<TTipState>
		<DontShowAgain Value="[tipFastRefresh]"/>
	</TTipState>
	<TVerCompareState>
		<MRUFonts>
			<_0 Value="微软雅黑;9;;1"/>
		</MRUFonts>
	</TVerCompareState>
</BCState>
